{"@module": "pymatgen.core.structure", "@class": "Structure", "charge": null, "lattice": {"matrix": [[2.5102669943, 0.0, 0.0], [-1.2551334972000001, 2.1739549874, 0.0], [0.0, 0.0, 15.0]], "a": 2.5102669943, "b": 2.5102669943722797, "c": 15.0, "alpha": 90.0, "beta": 90.0, "gamma": 120.0000000003653, "volume": 81.8581117794614}, "sites": [{"species": [{"element": "B", "occu": 1}], "abc": [0.33333333330000003, 0.6666666667000001, 0.5], "xyz": [-1.5884671356047875e-10, 1.4493033250057987, 7.5], "label": "B", "properties": {}}, {"species": [{"element": "N", "occu": 1}], "abc": [0.6666666667000001, 0.33333333330000003, 0.5], "xyz": [1.2551334972588468, 0.7246516623942016, 7.5], "label": "N", "properties": {}}], "@version": "2020.3.13"}