{"@module": "pymatgen.core.structure", "@class": "Structure", "charge": null, "lattice": {"matrix": [[2.4672312604, -1.7550685729999998e-20, 0.0], [-1.2336156302, 2.1366849485, 0.0], [1.1183747340000001e-17, 0.0, 15.0]], "a": 2.4672312604, "b": 2.467231260384845, "c": 15.0, "alpha": 90.0, "beta": 90.0, "gamma": 120.00000000020319, "volume": 79.07543847848046}, "sites": [{"species": [{"element": "C", "occu": 1}], "abc": [8.769769455000001e-18, 1.6758120470000002e-17, 0.4999999982], "xyz": [6.555843651179755e-18, 3.580682377339875e-17, 7.499999973], "label": "C", "properties": {}}, {"species": [{"element": "C", "occu": 1}], "abc": [0.6666666667000001, 0.33333333330000003, 0.5000000004], "xyz": [1.2336156303233619, 0.7122283160954439, 7.5000000060000005], "label": "C", "properties": {}}], "@version": "2020.3.13"}